{"$schema":"http://schema.management.azure.com/schemas/2015-01-01/deploymentTemplate.json#","contentVersion":"1.0.0.0","parameters":{},"variables":{},"resources":[{"name":"EarthQuackDataPipeline","type":"pipelines","apiVersion":"2018-06-01","properties":{"activities":[{"name":"Bronze Notebook","type":"TridentNotebook","dependsOn":[],"policy":{"timeout":"0.12:00:00","retry":0,"retryIntervalInSeconds":30,"secureOutput":false,"secureInput":false},"typeProperties":{"notebookId":"573e5dc6-1b74-4620-b004-c23d84d28de1","workspaceId":"ae18190b-2b21-4bea-b7ef-c1dde1236c14","parameters":{"start_date":{"value":{"value":"@formatDateTime(adddays(utcNow(),-1), 'yyy-MM-dd')","type":"Expression"},"type":"string"},"end_date":{"value":"@formatDateTime(utcNow(), 'yyy-MM-dd')","type":"string"}}}},{"name":"Silver Notebook","type":"TridentNotebook","dependsOn":[{"activity":"Bronze Notebook","dependencyConditions":["Succeeded"]}],"policy":{"timeout":"0.12:00:00","retry":0,"retryIntervalInSeconds":30,"secureOutput":false,"secureInput":false},"typeProperties":{"notebookId":"e4e29caf-a04d-4cab-9211-6c90961f3fa7","workspaceId":"ae18190b-2b21-4bea-b7ef-c1dde1236c14","parameters":{"start_date":{"value":{"value":"@formatDateTime(adddays(utcNow(),-1), 'yyy-MM-dd')","type":"Expression"},"type":"string"}}}},{"name":"Gold Notebook","type":"TridentNotebook","dependsOn":[{"activity":"Silver Notebook","dependencyConditions":["Succeeded"]}],"policy":{"timeout":"0.12:00:00","retry":0,"retryIntervalInSeconds":30,"secureOutput":false,"secureInput":false},"typeProperties":{"notebookId":"b030bca9-1923-47d0-8a08-dd46801b26a2","workspaceId":"ae18190b-2b21-4bea-b7ef-c1dde1236c14","parameters":{"start_date":{"value":{"value":"@formatDateTime(adddays(utcNow(),-1), 'yyy-MM-dd')","type":"Expression"},"type":"string"}}}}],"lastModifiedByObjectId":"635ed9ef-c97c-4b6a-ae9f-6d974411431e","lastPublishTime":"2024-11-24T06:38:10Z","extraTridentInfo":"{\"folderObjectId\":\"ae18190b-2b21-4bea-b7ef-c1dde1236c14\",\"capacityObjectId\":\"BCDEA434-AB24-46CB-BA47-BCF2BD7B2A47\",\"artifactType\":\"Pipeline\",\"provisionState\":\"Active\",\"lastUpdatedDate\":\"2024-11-24T06:38:11.180Z\",\"createdDate\":\"2024-11-24T06:38:09.211Z\",\"ownerUser\":{\"id\":1860566,\"name\":\"Waseem Raza\",\"objectId\":\"635ed9ef-c97c-4b6a-ae9f-6d974411431e\",\"userPrincipalName\":\"waseem@ou.edu\",\"aadAppId\":null,\"type\":null},\"ownerUserId\":1860566,\"createdByUser\":{\"id\":1860566,\"name\":\"Waseem Raza\",\"objectId\":\"635ed9ef-c97c-4b6a-ae9f-6d974411431e\",\"userPrincipalName\":\"waseem@ou.edu\",\"aadAppId\":null,\"type\":null},\"createdByUserId\":1860566,\"modifiedByUser\":{\"id\":1860566,\"name\":\"Waseem Raza\",\"objectId\":\"635ed9ef-c97c-4b6a-ae9f-6d974411431e\",\"userPrincipalName\":\"waseem@ou.edu\",\"aadAppId\":null,\"type\":null},\"modifiedByUserId\":1860566,\"permissions\":71,\"artifactPermissions\":7,\"systemArtifactType\":\"None\",\"etag\":\"\\\"F1F9CC3D72824885B8126098975C2AD6\\\"\"}"},"dependsOn":[]}]}